-- phpMyAdmin SQL Dump
-- version 5.1.3
-- https://www.phpmyadmin.net/
--
-- Host: localhost
-- Generation Time: Sep 10, 2022 at 12:06 AM
-- Server version: 10.9.2-MariaDB
-- PHP Version: 8.1.9

SET SQL_MODE = "NO_AUTO_VALUE_ON_ZERO";
START TRANSACTION;
SET time_zone = "+00:00";


/*!40101 SET @OLD_CHARACTER_SET_CLIENT=@@CHARACTER_SET_CLIENT */;
/*!40101 SET @OLD_CHARACTER_SET_RESULTS=@@CHARACTER_SET_RESULTS */;
/*!40101 SET @OLD_COLLATION_CONNECTION=@@COLLATION_CONNECTION */;
/*!40101 SET NAMES utf8mb4 */;

--
-- Database: `cecs`
--

-- --------------------------------------------------------

--
-- Table structure for table `categories`
--

CREATE TABLE `categories` (
  `id` int(10) UNSIGNED NOT NULL,
  `name` varchar(64) NOT NULL,
  `urlname` varchar(32) DEFAULT NULL,
  `parents` bigint(20) UNSIGNED NOT NULL,
  `disabled_at` datetime DEFAULT NULL
) ENGINE=InnoDB DEFAULT CHARSET=utf8mb4;

--
-- Dumping data for table `categories`
--

INSERT INTO `categories` (`id`, `name`, `urlname`, `parents`, `disabled_at`) VALUES
(0, 'Todo', NULL, 0, NULL),
(1, 'Principal', NULL, 1, NULL),
(2, 'Estatico', NULL, 1, NULL),
(3, 'Post', NULL, 1, NULL),
(4, 'Voto', NULL, 1, NULL),
(5, 'Alerta', NULL, 1, NULL),
(6, 'Secretarias', NULL, 1, NULL),
(7, 'Comisiones', NULL, 1, NULL),
(8, 'Clubes', NULL, 1, NULL),
(9, 'Eliminados', NULL, 1, NULL),
(10, 'Admin:Codigos', NULL, 0, NULL),
(11, 'Admin:Usuarios', NULL, 0, NULL),
(12, 'Admin:Categorias', NULL, 0, NULL),
(20, 'Elecciones', NULL, 3, NULL),
(21, 'Reuniones', NULL, 3, NULL),
(22, 'Pruebas', NULL, 1, NULL),
(31, 'Secretaria de asuntos internos', 'internos', 65, NULL),
(32, 'Secretaria de finanzas', 'finanzas', 65, NULL),
(33, 'Secretaria de género', 'genero', 65, NULL),
(34, 'Secretaria de cultura', 'cultura', 65, NULL),
(35, 'Secretaria de nota y asuntos estudiantiles', 'estudiantiles', 65, NULL),
(36, 'Secretaria de asuntos edilicios', 'edilicios', 65, NULL),
(37, 'Secretaria de prensa y difusión', 'prensa', 65, NULL),
(38, 'Secretaria del turno noche', 'noche', 65, NULL);

-- --------------------------------------------------------

--
-- Table structure for table `posts`
--

CREATE TABLE `posts` (
  `id` int(10) UNSIGNED NOT NULL,
  `title` varchar(128) NOT NULL,
  `created_at` datetime NOT NULL,
  `deleted_at` datetime DEFAULT NULL,
  `category` bigint(20) UNSIGNED NOT NULL,
  `end_date` datetime DEFAULT NULL,
  `options` longtext DEFAULT NULL
) ENGINE=InnoDB DEFAULT CHARSET=utf8mb4;

--
-- Dumping data for table `posts`
--

INSERT INTO `posts` (`id`, `title`, `created_at`, `deleted_at`, `category`, `end_date`, `options`) VALUES
(1, 'placeholder', '2022-02-01 17:44:11', NULL, 7, NULL, NULL),
(2, 'Funcionamiento del Centro', '2022-02-10 17:01:20', NULL, 7, NULL, NULL),
(3, 'Contacto', '2022-02-11 20:28:53', NULL, 7, NULL, NULL),
(4, 'Miembros', '2022-02-11 20:39:26', NULL, 7, NULL, NULL),
(5, 'Estatuto del Centro de Estudiantes', '2022-02-10 16:28:21', NULL, 7, NULL, NULL),
(6, 'Información del Sitio', '2022-02-11 20:08:59', NULL, 7, NULL, NULL),
(7, 'Informacion Técnica', '2022-02-11 20:51:09', NULL, 7, NULL, NULL),
(8, 'Que es el centro?', '2022-02-10 16:59:02', NULL, 7, NULL, NULL),
(9, 'Participacion', '2022-02-11 20:01:33', NULL, 7, NULL, NULL),
(11, 'Transparencia', '2022-02-11 20:44:19', NULL, 7, NULL, NULL),
(31, 'test5', '2022-02-09 18:49:08', NULL, 11, NULL, NULL),
(32, 'prue`ba de internos', '2022-02-01 22:38:23', NULL, 2147483717, NULL, NULL),
(34, 'alerttest internos', '2022-02-01 22:40:36', NULL, 2147483745, NULL, NULL),
(35, 'test6', '2022-02-09 18:50:38', NULL, 19, '2022-02-17 18:50:00', '[\"sdfsdf\",\"fdssdfdf\"]'),
(39, 'test', '2022-02-11 20:53:19', NULL, 11, NULL, NULL),
(40, 'Prueba de voto terminado', '2022-02-15 22:55:31', NULL, 4294967377, '2022-02-14 22:54:00', '[\"opc1\",\"pc2\",\"later cera\"]'),
(41, 'prueba de voto terminado 2 ', '2022-02-15 23:11:43', NULL, 17179869265, '2022-02-13 23:11:00', '[\"Dal Bon\",\"Capalbo\",\"Diaz\",\"Gnocci\"]'),
(42, 'tst fuzsi estatutt', '2022-02-17 23:30:35', NULL, 4194313, NULL, NULL);

-- --------------------------------------------------------

--
-- Table structure for table `textupdates`
--

CREATE TABLE `textupdates` (
  `id` int(10) UNSIGNED NOT NULL,
  `post_id` int(10) UNSIGNED NOT NULL,
  `content` longtext NOT NULL,
  `css` longtext DEFAULT NULL,
  `author_id` int(10) UNSIGNED NOT NULL,
  `created_at` datetime NOT NULL,
  `replaced_at` datetime DEFAULT NULL
) ENGINE=InnoDB DEFAULT CHARSET=utf8mb4;

--
-- Dumping data for table `textupdates`
--

INSERT INTO `textupdates` (`id`, `post_id`, `content`, `css`, `author_id`, `created_at`, `replaced_at`) VALUES
(1, 1, 'placeholder', NULL, 1, '2022-02-01 17:47:42', NULL),
(2, 2, '<div class=\"body2\">\r\n	<div class=\"container-del-container bg-red-100 mt-56 rounded-lg p-1 shadow-2xl\">\r\n	<div class=\"container-slider bg-white p-5 rounded-lg\">\r\n			<div class=\"card\">\r\n		    <div class=\"face face1\">\r\n		      <div class=\"content\">\r\n		        <span class=\"stars\"></span>\r\n		        <h2 class=\"titulo-cards\">Primera cosa no se</h2>\r\n				<hr>\r\n		        <p class=\"text-cards\">Lorem, ipsum dolor sit amet consectetur adipisicing elit. Consequuntur sunt excepturi repudiandae obcaecati deserunt provident fuga quasi aperiam ut ab adipisci quas cupiditate, totam consequatur tenetur distinctio dolores rerum dolorum!</p>\r\n		      </div>\r\n		    </div>\r\n		    <div class=\"face face2\">\r\n		      <h2>FUN</h2>\r\n		    </div>\r\n		  </div>\r\n\r\n		  <div class=\"card\">\r\n		    <div class=\"face face1\">\r\n		      <div class=\"content\">\r\n		        <span class=\"stars\"></span>\r\n		        <h2 class=\"titulo-cards\">SEGUNDA COSA NO SE</h2>\r\n		        <p class=\"text-cards\">Lorem ipsum dolor sit amet consectetur, adipisicing elit. Vitae inventore quae iure minima cupiditate veniam veritatis quia velit deserunt obcaecati, maxime, voluptate earum rem. Omnis eius corporis totam ullam est!</p>\r\n		      </div>\r\n		    </div>\r\n		    <div class=\"face face2\">\r\n		      <h2>CIO</h2>\r\n		    </div>\r\n		  </div>\r\n\r\n		  <div class=\"card\">\r\n		    <div class=\"face face1\">\r\n		      <div class=\"content\">\r\n		        <span class=\"stars\"></span>\r\n		        <h2 class=\"titulo-cards\">TERCERA COSA NO SE</h2>\r\n		        <p class=\"text-cards\">Lorem, ipsum dolor sit amet consectetur adipisicing elit. Incidunt, necessitatibus cum. Optio labore laborum qui nam harum ab sunt impedit obcaecati, ipsum magni illo dolore animi, nihil facere repudiandae natus.</p>\r\n		      </div>\r\n		    </div>\r\n		    <div class=\"face face2\">\r\n		      <h2>NA</h2>\r\n		    </div>\r\n		  </div>\r\n		  \r\n\r\n		  <div class=\"card\">\r\n		    <div class=\"face face1\">\r\n		      <div class=\"content\">\r\n		        <span class=\"stars\"></span>\r\n		        <h2 class=\"titulo-cards\">CUARTA COSA NO SE</h2>\r\n		        <p class=\"text-cards\">Lorem, ipsum dolor sit amet consectetur adipisicing elit. Molestiae quaerat sit esse, hic, cum cumque excepturi sunt minus possimus, ipsam dolor consectetur debitis explicabo harum a voluptatum. Doloribus, accusamus corporis.</p>\r\n		      </div>\r\n		    </div>\r\n		    <div class=\"face face2\">\r\n		      <h2>MIEN</h2>\r\n		    </div>\r\n		  </div>\r\n\r\n		  <div class=\"card\">\r\n		    <div class=\"face face1\">\r\n		      <div class=\"content\">\r\n		        <span class=\"stars\"></span>\r\n		        <h2 class=\"titulo-cards\">QUINTA COSA NO SE</h2>\r\n		        <p class=\"text-cards\">Lorem, ipsum dolor sit amet consectetur adipisicing elit. Beatae blanditiis et consectetur omnis nihil praesentium assumenda repellendus sunt facilis voluptatibus! Dignissimos consequatur officiis laboriosam quam rerum cum architecto porro molestiae!</p>\r\n		      </div>\r\n		    </div>\r\n		    <div class=\"face face2\">\r\n		      <h2>TO</h2>\r\n		    </div>\r\n		  </div>\r\n		</div>\r\n		<?php include_once \'partials/footer.php\' ?>\r\n	</div>\r\n	</div>\r\n  </div>', '	@import url(\"https://fonts.googleapis.com/css2?family=Righteous&display=swap\");\r\n.body2{\r\n  position: relative;\r\n  margin: 0;\r\n  padding: 0;\r\n  display: flex;\r\n  flex-direction: column;\r\n  justify-content: center;\r\n  align-items: center;\r\n  font-family: \"Righteous\", cursive;\r\n  min-height: 96.6vh;\r\n  background-color: #a9c9ff;\r\n  background-image: linear-gradient(180deg, #a9c9ff 0%, #ffbbec 100%);\r\n}\r\n.body2 .container-slider {\r\n	max-width: 100vw;\r\n	display: grid;\r\n	grid-template-columns: repeat(auto-fit, minmax(300px, 1fr));\r\n	grid-gap: 35px;\r\n	margin: 0 auto;\r\n	padding: 40px;\r\n	flex: 1;\r\n}\r\n.body2 .container-slider .card {\r\n  position: relative;\r\n  width: 300px;\r\n  height: 400px;\r\n  margin: 0 auto;\r\n  background: black;\r\n  border-radius: 15px;\r\n  box-shadow: 1px 15px 25px rgba(0, 0, 0, 0.5);\r\n}\r\n.body2 .container-slider .card .face {\r\n  position: absolute;\r\n  bottom: 0;\r\n  left: 0;\r\n  width: 100%;\r\n  height: 100%;\r\n  display: flex;\r\n  justify-content: center;\r\n  align-items: center;\r\n}\r\n.body2 .container-slider .card .face.face1 {\r\n  box-sizing: border-box;\r\n  padding: 20px;\r\n}\r\n.body2 .container-slider .card .face.face1 h2 {\r\n  margin: 0;\r\n  padding: 0;\r\n}\r\n.body2 .container-slider .card .face.face1 .java {\r\n  background-color: #fffc00;\r\n  -webkit-background-clip: text;\r\n  -webkit-text-fill-color: transparent;\r\n}\r\n.body2 .container-slider .card .face.face1 .python {\r\n  background-color: #00fffc;\r\n  -webkit-background-clip: text;\r\n  -webkit-text-fill-color: transparent;\r\n}\r\n.body2 .container-slider .card .face.face1 .cSharp {\r\n  background-color: #fc00ff;\r\n  -webkit-background-clip: text;\r\n  -webkit-text-fill-color: transparent;\r\n}\r\n.body2 .container-slider .card .face.face2 {\r\n  transition: 0.5s;\r\n}\r\n.body2 .container-slider .card .face.face2 h2 {\r\n  margin: 0;\r\n  padding: 0;\r\n  font-size: 7em;\r\n  color: #fff;\r\n  transition: 0.5s;\r\n  text-shadow: 0 2px 5px rgba(0, 0, 0, 0.2);\r\n  z-index: 10;\r\n}\r\n.body2 .container-slider .card:hover .face.face2 {\r\n  height: 60px;\r\n}\r\n.body2 .container-slider .card:hover .face.face2 h2 {\r\n  font-size: 2em;\r\n}\r\n.body2 .container-slider .card:nth-child(1) .face.face2 {\r\n  background-image: linear-gradient(40deg, #fffc00 0%, #fc00ff 45%, #00fffc 100%);\r\n  border-radius: 15px;\r\n}\r\n.body2 .container-slider .card:nth-child(2) .face.face2 {\r\n  background-image: linear-gradient(40deg, #fc00ff 0%, #00fffc 45%, #fffc00 100%);\r\n  border-radius: 15px;\r\n}\r\n.body2 .container-slider .card:nth-child(3) .face.face2 {\r\n  background-image: linear-gradient(40deg, #00fffc 0%, #fc00ff 45%, #fffc00 100%);\r\n  border-radius: 15px;\r\n}\r\n.body2 .container-slider .card:nth-child(4) .face.face2 { /* Esto es lop que necesitamos solamente le cambiamos el numero de child por uno mas si queremos agregar mas cartitas*/\r\n  background-image: linear-gradient(40deg, #00fffc 0%, #fc00ff 45%, #fffc00 100%);\r\n  border-radius: 15px;\r\n}\r\n.body2 .container-slider .card:nth-child(5) .face.face2 { /* Esto es lop que necesitamos solamente le cambiamos el numero de child por uno mas si queremos agregar mas cartitas*/\r\n  background-image: linear-gradient(40deg, #00fffc 0%, #fc00ff 45%, #fffc00 100%);\r\n  border-radius: 15px;\r\n}\r\n.footer{\r\n	flex: 0;\r\n}', 1, '2022-02-01 18:19:30', NULL),
(3, 32, 'La secretaria de asuntos internos se ocupa de ... Sus mienmbros son ... ', NULL, 1, '2022-02-01 22:39:20', NULL),
(4, 34, 'WARBIGG', NULL, 1, '2022-02-01 22:42:25', NULL),
(6, 15, '&lt;p&gt;test555&lt;/p&gt;', NULL, 1, '2022-02-09 18:49:08', NULL),
(7, 35, '&lt;p&gt;test555jnhbgvfcd&lt;/p&gt;', NULL, 1, '2022-02-09 18:50:38', '2022-02-14 13:41:11'),
(8, 35, '&lt;p&gt;ponele que lo cambio&lt;/p&gt;', '', 1, '2022-02-09 19:14:59', NULL),
(9, 35, '&lt;p&gt;ponele que lo cambio&lt;/p&gt;', NULL, 1, '2022-02-09 19:16:30', '2022-02-09 19:16:54'),
(10, 35, '&lt;p&gt;ponele que lo cambio&lt;/p&gt;', NULL, 1, '2022-02-09 19:16:54', '2022-02-14 13:45:29'),
(11, 35, '&lt;p&gt;ponele que lo cambio&lt;/p&gt;', NULL, 1, '2022-02-09 19:17:11', '2022-02-14 13:41:11'),
(12, 35, '&lt;p&gt;test555jnhbgvfcd&lt;/p&gt; de nuevo lo cambio', 'lo cabio denuevo', 1, '2022-02-09 19:17:45', '2022-02-15 22:03:05'),
(13, 35, '&lt;p&gt;test555jnhbgvfcd&lt;/p&gt; de nuevo lo cambio', 'lo cabio denuevo', 1, '2022-02-09 19:19:10', '2022-02-14 13:41:11');
INSERT INTO `textupdates` (`id`, `post_id`, `content`, `css`, `author_id`, `created_at`, `replaced_at`) VALUES
(18, 5, '&lt;div class=&quot;obody&quot;&gt;\n&lt;div class=&quot;estatuto&quot;&gt;\n    &lt;h1 class=&quot;center&quot;&gt;&lt;u&gt;Estatuto del C.E.C.S&lt;/u&gt;&lt;/h1&gt;\n&lt;h2 class=&quot;center&quot;&gt;&lt;u&gt;(Centro de Estudiantes de la Escuela T&amp;eacute;cnica N&amp;deg; 26 &amp;quot;Confederaci&amp;oacute;n Suiza&amp;quot;)&lt;/u&gt;&lt;/h2&gt;\n&lt;p&gt;&lt;br&gt;&lt;/p&gt;\n&lt;h3&gt;Art&amp;iacute;culo Fundamental del Estatuto del Centro de Estudiantes:&lt;/h3&gt;\n&lt;p&gt;El C.E.C.S y el Estatuto que lo rige deben ser el reflejo de la voluntad colectiva de los estudiantes, la cual marca el lineamiento del mismo. El Estatuto puede ser modificado autom&amp;aacute;ticamente por la voluntad estudiantil expresada en el resultado mayoritario de asambleas por turnos y/o de los mandatos imperativos de base de todas las divisiones del colegio (Cuerpo de Delegados). El C.E.C.S es independiente de las autoridades del colegio y s&amp;oacute;lo debe rendir cuentas ante la totalidad de sus miembros. Esto es muy importante dado que defender la autonom&amp;iacute;a de nuestra organizaci&amp;oacute;n es el &amp;uacute;nico medio por el cual podemos garantizar que efectivamente represente y sea consecuente con nuestras luchas sin sufrir la intervenci&amp;oacute;n de las autoridades o de cualquier persona ajena al estudiantado.&lt;/p&gt;\n&lt;p&gt;&lt;br&gt;&lt;/p&gt;\n&lt;h3&gt;Primera Parte: &amp;quot;&lt;em&gt;Del C.E.C.S&lt;/em&gt;&amp;quot;&lt;/h3&gt;\n&lt;h4 class=&quot;center&quot;&gt;&lt;u&gt;Capitulo Primero: &amp;quot;De sus Miembros&amp;quot;&amp;nbsp;&lt;/u&gt;&lt;/h4&gt;\n&lt;p&gt;&lt;strong&gt;Art. 1 -&amp;nbsp;&lt;/strong&gt;Son miembros del C.E.C.S todos los estudiantes regulares de la Escuela T&amp;eacute;cnica N&amp;deg; 26, sin necesidad de cumplir otro requisito.&lt;/p&gt;\n&lt;p&gt;&lt;strong&gt;Art. 2 -&amp;nbsp;&lt;/strong&gt;El verdadero poder (y raz&amp;oacute;n de ser) del C.E.C.S es el estudiantado quien toma determinaciones a trav&amp;eacute;s de la asamblea o el cuerpo de delegados decidiendo y participando libremente en la construcci&amp;oacute;n de las formas y de los contenidos del Centro que considere m&amp;aacute;s conveniente.&lt;/p&gt;\n&lt;p&gt;&lt;strong&gt;Art. 3 -&amp;nbsp;&lt;/strong&gt;El C.E.C.S garantiza la existencia del pluralismo pol&amp;iacute;tico. El pluralismo pol&amp;iacute;tico asegura la existencia de la participaci&amp;oacute;n de todos los estudiantes regulares en los asuntos gremiales, sociales y pol&amp;iacute;ticos sin restricciones ideol&amp;oacute;gicas, exceptuando aquellas que pretendan contrariar la convivencia y la tolerancia pol&amp;iacute;tica.&lt;/p&gt;\n&lt;p&gt;&lt;strong&gt;Art. 4 -&amp;nbsp;&lt;/strong&gt;Todo estudiante tiene derecho a la libertad de conciencia. de pensamiento y de profesar una religi&amp;oacute;n. Asimismo tiene derecho a expresar libremente su pensamiento en p&amp;uacute;blico o en privado, individual o colectivamente, en forma oral o escrita o por cualquier otro medio.&lt;/p&gt;\n&lt;p&gt;&lt;strong&gt;Art. 5 -&amp;nbsp;&lt;/strong&gt;Se establece la igualdad incondicional de todos los estudiantes en el goce de sus derechos pol&amp;iacute;ticos.&lt;/p&gt;\n&lt;p&gt;&lt;strong&gt;Art. 6 -&amp;nbsp;&lt;/strong&gt;Los estudiantes regulares tienen derecho a elegir y ser elegidos en elecciones peri&amp;oacute;dicas y ocupar cargos electivos e inherentes al C.E.C.S.&lt;/p&gt;\n&lt;p&gt;&lt;strong&gt;Art. 7 -&amp;nbsp;&lt;/strong&gt;Los estudiantes tienen derecho a hacer peticiones, denuncias, anomal&amp;iacute;as y a hacer cr&amp;iacute;ticas constructivas en forma individual o colectiva a quienes posean un cargo en el C.E.C.S.&lt;/p&gt;\n&lt;p&gt;&lt;strong&gt;Art. 8 -&amp;nbsp;&lt;/strong&gt;Es derecho de los estudiantes el concentrarse, manifestarse y movilizarse para peticionar u objetar sobre el accionar de las autoridades del C.E.C.S.&lt;/p&gt;\n&lt;p&gt;&lt;strong&gt;Art. 9 -&amp;nbsp;&lt;/strong&gt;El C.E.C.S es el principal instrumento del estudiantado para garantizar que prevalezcan los intereses y derechos de la mayor&amp;iacute;a.&lt;/p&gt;\n&lt;p&gt;&lt;br&gt;&lt;/p&gt;\n&lt;p&gt;&lt;br&gt;&lt;/p&gt;\n&lt;h3&gt;Segunda Parte: &amp;quot;De la organizaci&amp;oacute;n del C.E.C.S.&amp;quot;&lt;/h3&gt;\n&lt;p class=&quot;center&quot;&gt;&lt;u&gt;&lt;strong&gt;Capitulo Primero: &amp;quot;De las instancias de decisi&amp;oacute;n&amp;quot;&lt;/strong&gt;&lt;/u&gt;&lt;/p&gt;\n&lt;p class=&quot;center&quot;&gt;&lt;strong&gt;&amp;iquest;Cu&amp;aacute;l es el m&amp;eacute;todo de toma de decisiones?&amp;nbsp;&lt;/strong&gt;&lt;/p&gt;\n&lt;p&gt;&lt;br&gt;&lt;/p&gt;\n&lt;p&gt;&lt;strong&gt;El mismo se basa en ir empleando distintas instancias de debate para agotar los diversos niveles de representatividad.&amp;nbsp;&lt;/strong&gt;&lt;/p&gt;\n&lt;p&gt;&lt;strong&gt;Esta organizaci&amp;oacute;n busca asegurar la toma de decisiones empleando mecanismos centralizados que posibiliten una resoluci&amp;oacute;n acorde con los tiempos v circunstancias concretas. De esta forma se considera como &amp;oacute;rgano soberano a la asamblea pero se considera al cuerpo de delegados como el &amp;oacute;rgano fundamental para el funcionamiento ordinario del C.E.C.S mientras que se recurre a la asamblea en situaciones extraordinarias. Siempre se actuar&amp;aacute; tratando de lograr la mayor representatividad estudiantil posible.&amp;nbsp;&lt;/strong&gt;&lt;/p&gt;\n&lt;p&gt;&lt;br&gt;&lt;/p&gt;\n&lt;p&gt;&lt;strong&gt;Art. 10 -&amp;nbsp;&lt;/strong&gt;Los &amp;oacute;rganos de decisi&amp;oacute;n se dan en el siguiente orden de representatividad: asamblea, cuerpo de delegados con mandato imperativo, cuerpo de delegados con mandato representativo, comisi&amp;oacute;n directiva y finalmente la conducci&amp;oacute;n.&lt;/p&gt;\n&lt;p&gt;&lt;strong&gt;Art. 11 -&amp;nbsp;&lt;/strong&gt;El C.E.C.S reivindica como leg&amp;iacute;tima v&amp;iacute;a para llevar acabo sus luchas los m&amp;eacute;todos de acci&amp;oacute;n directa: la movilizaci&amp;oacute;n, la asamblea, la clase publica, la sentada, entre otros.&lt;/p&gt;\n&lt;p&gt;&lt;br&gt;&lt;/p&gt;\n&lt;p&gt;&lt;u&gt;&lt;strong&gt;Secci&amp;oacute;n A: &amp;quot;Del Cuerpo de Delegados&amp;quot;&amp;nbsp;&lt;/strong&gt;&lt;/u&gt;&lt;/p&gt;\n&lt;p&gt;&lt;br&gt;&lt;/p&gt;\n&lt;p&gt;&lt;strong&gt;Es la instancia que sigue a la asamblea en representatividad, por ser un m&amp;eacute;todo democr&amp;aacute;tico representativo y no directo dado que el conjunto de los estudiantes son representados por un tercero mandatado para cumplir esa funci&amp;oacute;n. En ese sentido, se utilizan dos modalidades dependiendo de los tiempos y cuestiones concretas que se deban votar: mandato representativo o imperativo. El primero es aquel con el que siempre cuenta un delegado y significa que su divisi&amp;oacute;n conf&amp;iacute;a en su criterio en caso de que no haya tiempo material para votar en los cursos y el segundo es el que se utiliza cuando se elabora un acta firmada donde consta la posici&amp;oacute;n de la divisi&amp;oacute;n (de ah&amp;iacute; que sea imperativo). Debido a las caracter&amp;iacute;sticas mencionadas, se considera al cuerpo de delegados como el &amp;oacute;rgano fundamental para el funcionamiento ordinario del C.E.C.S.&lt;/strong&gt;&lt;/p&gt;\n&lt;p&gt;&lt;br&gt;&lt;/p&gt;\n&lt;p&gt;&lt;u&gt;&lt;strong&gt;&amp;quot;De su naturaleza v duraci&amp;oacute;n&amp;quot;&lt;/strong&gt;&lt;/u&gt;&lt;/p&gt;\n&lt;p&gt;&lt;strong&gt;Art. 12 -&lt;/strong&gt;&lt;/p&gt;\n&lt;ol type=&quot;a&quot;&gt;\n    &lt;li&gt;\n        &lt;p&gt;Un alumno regular ser&amp;aacute; el Delegado de todos los estudiantes de su divisi&amp;oacute;n ante el Cuerpo de Delegados, integrado por los Delegados y Sub-Delegados de cada una de las divisiones de los tres turnos de la Escuela T&amp;eacute;cnica N&amp;deg; 26&lt;/p&gt;\n    &lt;/li&gt;\n    &lt;li&gt;\n        &lt;p&gt;Un alumno regular ser&amp;aacute; el Sub-Delegado de todos los estudiantes de su divisi&amp;oacute;n ante el cuerpo de delegados, integrado por los Delegados y Sub-Delegados de cada una de las divisiones de los tres turnos de la Escuela T&amp;eacute;cnica N&amp;deg; 26.&lt;/p&gt;\n    &lt;/li&gt;\n&lt;/ol&gt;\n&lt;p&gt;&lt;br&gt;&lt;/p&gt;\n&lt;p&gt;&lt;strong&gt;Art. 13 -&amp;nbsp;&lt;/strong&gt;Se realizar&amp;aacute; una Reuni&amp;oacute;n Ordinaria del Cuerpo de Delegados del C.E.C.S. una vez cada treinta d&amp;iacute;as. Esta poseer&amp;aacute; car&amp;aacute;cter resolutivo y su fecha sera fijada por la comisi&amp;oacute;n directiva del Centro de Estudiantes.&lt;/p&gt;\n&lt;p&gt;&lt;strong&gt;Art 14 -&amp;nbsp;&lt;/strong&gt;El qu&amp;oacute;rum para poder iniciar la reuni&amp;oacute;n del Cuerpo de Delegados deber&amp;aacute; ser de dos tercios del total de los Delegados elegidos, no pudiendo ser en ning&amp;uacute;n caso el qu&amp;oacute;rum inferior a la mitad m&amp;aacute;s uno del total de divisiones del turno. En este caso las resoluciones que el Cuerpo dicte deber&amp;aacute;n contar con el apoyo de la mitad mas uno de los Delegados presentes en la reuni&amp;oacute;n. Para ambos casos si no se contase con el qu&amp;oacute;rum requerido se convocar&amp;aacute; a una nueva reuni&amp;oacute;n dentro de los cinco d&amp;iacute;as de dictado de clases. Esta segunda reuni&amp;oacute;n mantendr&amp;aacute; el mismo orden que la anterior.&lt;/p&gt;\n&lt;p&gt;&lt;strong&gt;Art. 15 -&amp;nbsp;&lt;/strong&gt;Los cargos de Delegado y Sub-Delegado ser&amp;aacute;n de car&amp;aacute;cter revocable. Entendi&amp;eacute;ndose por esto que la divisi&amp;oacute;n podr&amp;aacute; removerlos cuando lo dispongan con las mismas condiciones que indica el art&amp;iacute;culo 26 punto C para la elecci&amp;oacute;n del Delegado.&lt;/p&gt;\n&lt;p&gt;&lt;strong&gt;Art. 16 -&amp;nbsp;&lt;/strong&gt;Todo estudiante tiene derecho a presenciar y hacer uso de la palabra en las reuniones del Cuerpo de Delegados del C.E.C.S.&lt;/p&gt;\n&lt;p&gt;&lt;strong&gt;Art. 17 -&amp;nbsp;&lt;/strong&gt;El Secretario General del C.E.C.S. desarrollar&amp;aacute; un informe de cada reuni&amp;oacute;n para su publicaci&amp;oacute;n, que deber&amp;aacute; constar en el Libro de Actas del C.E.C.S, teniendo la aprobaci&amp;oacute;n de cinco delegados y estar&amp;aacute; al servicio del estudiantado.&lt;/p&gt;\n&lt;p&gt;&lt;strong&gt;Art. 18 -&amp;nbsp;&lt;/strong&gt;Ninguna autoridad del C.E.C.S. tendr&amp;aacute; la capacidad de vetar las resoluciones que el Cuerpo tome.&lt;/p&gt;\n&lt;p&gt;&lt;strong&gt;Art. 19 -&amp;nbsp;&lt;/strong&gt;Todo miembro del Cuerpo de Delegados podr&amp;aacute; llamar a una reuni&amp;oacute;n extraordinaria .&lt;/p&gt;\n\n&lt;p&gt;&lt;strong&gt;Art. 20&amp;nbsp;&lt;/strong&gt;-&lt;/p&gt;\n&lt;ol type=&quot;a&quot;&gt;\n    &lt;li&gt;\n        &lt;p&gt;En el caso de que los temas a tratar en la reuni&amp;oacute;n del Cuerpo sean previstos con 7 d&amp;iacute;as de anticipaci&amp;oacute;n el Delegado deber&amp;aacute; presentar el mandato escrito de su divisi&amp;oacute;n para avalar su voto. El mismo deber&amp;aacute; estar firmado por los miembros de su divisi&amp;oacute;n.&lt;/p&gt;\n    &lt;/li&gt;\n    &lt;li&gt;\n        &lt;p&gt;En el caso de que los temas a tratar en la reuni&amp;oacute;n del cuerpo no sean conocidas por los Delegados con el plazo establecido en este mismo art&amp;iacute;culo inciso &amp;ldquo;a)&amp;rdquo; el Delegado podr&amp;aacute; elegir su voto sin mandato escrito, formando parte del Acta confeccionada por el Secretario General y siendo publicado y difundido luego para todo el alumnado.&lt;/p&gt;\n    &lt;/li&gt;\n&lt;/ol&gt;\n&lt;p&gt;&lt;u&gt;&amp;ldquo;&lt;strong&gt;De sus atribuciones y deberes&amp;rdquo;&lt;/strong&gt;&lt;/u&gt;&lt;/p&gt;\n&lt;p&gt;&lt;strong&gt;Art. 21 -&amp;nbsp;&lt;/strong&gt;Son atribuciones de este organismo:&lt;/p&gt;\n&lt;ol type=&quot;a&quot;&gt;\n    &lt;li&gt;\n        &lt;p&gt;Tomar cualquier decisi&amp;oacute;n que incumba a los alumnos de la Escuela T&amp;eacute;cnica N&amp;ordm; 26 y hacer que estas se cumplan.&lt;/p&gt;\n    &lt;/li&gt;\n    &lt;li&gt;\n        &lt;p&gt;Atender los asuntos gremiales de la Educaci&amp;oacute;n y otras &amp;aacute;reas de inter&amp;eacute;s de los estudiantes.&lt;/p&gt;\n    &lt;/li&gt;\n    &lt;li&gt;\n        &lt;p&gt;Convocar a Asambleas Generales de car&amp;aacute;cter extraordinario si lo considera oportuno, necesitando para ello la mitad m&amp;aacute;s uno de los Delegados presentes en el momento de la votaci&amp;oacute;n que avalan esta medida.&lt;/p&gt;\n    &lt;/li&gt;\n    &lt;li&gt;\n        &lt;p&gt;Convocar a Asamblea Estatuyente con el fin de reformar cualquier art&amp;iacute;culo del presente Estatuto. Para ello deber&amp;aacute; contar con el aval de los dos tercios del Cuerpo, pudiendo de esta forma reformar cualquier art&amp;iacute;culo.&lt;/p&gt;\n    &lt;/li&gt;\n&lt;/ol&gt;\n&lt;p&gt;&lt;strong&gt;Art. 22 -&amp;nbsp;&lt;/strong&gt;Son deberes del Cuerpo de Delegados:&lt;/p&gt;\n&lt;ol type=&quot;a&quot;&gt;\n    &lt;li&gt;\n        &lt;p&gt;Que exista una relaci&amp;oacute;n cotidiana entre la realidad de los alumnos y el accionar del C.E.C.S.&lt;/p&gt;\n    &lt;/li&gt;\n    &lt;li&gt;\n        &lt;p&gt;Que los estudiantes de la Escuela T&amp;eacute;cnica N&amp;deg;26 tengan influencia directa sobre las decisiones del C.E.C.S.&lt;/p&gt;\n    &lt;/li&gt;\n&lt;/ol&gt;\n&lt;p&gt;&lt;br&gt;&lt;/p&gt;\n&lt;p&gt;&lt;strong&gt;Art. 23 -&lt;/strong&gt; Son deberes de cada Delegado:&lt;/p&gt;\n&lt;ol type=&quot;a&quot;&gt;\n    &lt;li&gt;\n        &lt;p&gt;Asistir a las reuniones del Cuerpo de Delegados.&lt;/p&gt;\n    &lt;/li&gt;\n    &lt;li&gt;\n        &lt;p&gt;Recoger las inquietudes de sus representados.&lt;/p&gt;\n    &lt;/li&gt;\n    &lt;li&gt;\n        &lt;p&gt;Respetar la voluntad de la mayor&amp;iacute;a de su divisi&amp;oacute;n.&lt;/p&gt;\n    &lt;/li&gt;\n    &lt;li&gt;\n        &lt;p&gt;Reflejar la voluntad de la mayor&amp;iacute;a de su divisi&amp;oacute;n en caso de no contar con un mandato escrito.&lt;/p&gt;\n    &lt;/li&gt;\n    &lt;li&gt;\n        &lt;p&gt;Divulgar las resoluciones del Cuerpo entre sus representados.&lt;/p&gt;\n    &lt;/li&gt;\n&lt;/ol&gt;\n&lt;p&gt;&lt;strong&gt;Art 24 -&amp;nbsp;&lt;/strong&gt;En caso de que cualquier Delegado abandone la reuni&amp;oacute;n sin que esta haya finalizado, esto formara parte del Acta de la misma y ser&amp;aacute; puesto en conocimiento de los alumnos de la &lt;span&gt;&lt;span&gt;Escuela T&amp;eacute;cnica N&amp;ordm; 26.&lt;/span&gt;&lt;/span&gt;&lt;/p&gt;\n&lt;p&gt;&lt;strong&gt;Art. 25&amp;nbsp;-&lt;/strong&gt; En caso de que cualquier Delegado se ausenta injustificadamente en tres reuniones consecutivas se pasar&amp;aacute; a informar por su divisi&amp;oacute;n para que esta act&amp;uacute;e en consecuencia. En caso de reincidencia ser&amp;aacute; revocado de su puesto y se pasar&amp;aacute; a elegir uno nuevo.&lt;/p&gt;\n&lt;p&gt;&lt;br&gt;&lt;/p&gt;\n&lt;p&gt;&lt;u&gt;&lt;strong&gt;&amp;quot;De su forma de&amp;nbsp;elecci&amp;oacute;n&amp;quot;&lt;/strong&gt;&lt;/u&gt;&lt;/p&gt;\n&lt;p&gt;&lt;strong&gt;Art. 26 -&amp;nbsp;&lt;/strong&gt;&lt;/p&gt;\n&lt;ol type=&quot;a&quot;&gt;\n    &lt;li&gt;\n        &lt;p&gt;Cualquier alumno de la Escuela T&amp;eacute;cnica N&amp;deg; 26 puede postularse para cumplir la funci&amp;oacute;n de Delegado o Sub-Delegado de su divisi&amp;oacute;n, excepto los mencionados en el inciso &amp;quot;f)&amp;quot; De este mismo art&amp;iacute;culo.&lt;/p&gt;\n    &lt;/li&gt;\n    &lt;li&gt;\n        &lt;p&gt;La elecci&amp;oacute;n de Delegado y Sub-Delegado deber&amp;aacute; realizarse con una presencia m&amp;iacute;nima de cuatro quintos de la divisi&amp;oacute;n.&lt;/p&gt;\n    &lt;/li&gt;\n    &lt;li&gt;\n        &lt;p&gt;El procedimiento de la elecci&amp;oacute;n del Delegado y Sub-Delegado correr&amp;aacute; por cuenta de cada divisi&amp;oacute;n, debiendo optar asimismo entre los sistemas de elecci&amp;oacute;n por mayor&amp;iacute;a simple o primera minor&amp;iacute;a. Quien obtenga la mayor cantidad de votos sera elegido Delegado, mientras que el segundo sera Sub-Delegado.&lt;/p&gt;\n    &lt;/li&gt;\n    &lt;li&gt;\n        &lt;p&gt;La Comisi&amp;oacute;n Directiva del C.E.C.S fijara una semana dentro de un m&amp;aacute;ximo de quince d&amp;iacute;as despu&amp;eacute;s de iniciado el cielo lectivo en la que se desarrollar&amp;aacute; la elecci&amp;oacute;n de Delegados y Sub-Delegados en todas las divisiones de la E.T. 26.&lt;/p&gt;\n    &lt;/li&gt;\n    &lt;li&gt;\n        &lt;p&gt;En la primera reuni&amp;oacute;n del Cuerpo todos los Delegados deber&amp;aacute;n presentar al Secretario General el Acta de votaci&amp;oacute;n de su divisi&amp;oacute;n que deber&amp;aacute; contar con la firma de todos los votantes de la divisi&amp;oacute;n y nombres del Delegado y Sub-Delegado elegidos.&lt;/p&gt;\n    &lt;/li&gt;\n    &lt;li&gt;\n        &lt;p&gt;Los Delegados y Sub-Delegado podr&amp;aacute;n desempe&amp;ntilde;arse paralelamente en cualquier otro cargo del C.E.C.S, excepto los de Presidente y Secretario General.&lt;/p&gt;\n    &lt;/li&gt;\n&lt;/ol&gt;\n&lt;p&gt;&lt;br&gt;&lt;/p&gt;\n&lt;p&gt;&lt;u&gt;&lt;strong&gt;Secci&amp;oacute;n B: &amp;ldquo;De la Asamblea&amp;rdquo;&lt;/strong&gt;&lt;/u&gt;&lt;/p&gt;\n&lt;p class=&quot;center&quot;&gt;&lt;strong&gt;&amp;iquest;Qu&amp;eacute; es la Asamblea?&amp;nbsp;&lt;/strong&gt;&lt;/p&gt;\n&lt;p&gt;&lt;strong&gt;Es la instancia soberana a la hora de tomar decisiones ya que es la m&amp;aacute;s representativa. Esto se debe a que todos los estudiantes tienen voz y voto, o sea que se representan a s&amp;iacute; mismos y por lo tanto m&amp;aacute;xima expresi&amp;oacute;n democr&amp;aacute;tica de la voluntad estudiantil. Este es el verdadero esp&amp;iacute;ritu de la asamblea y debe ser recordado el que todos y cada uno de los estudiantes pueda tomar la palabra.&amp;nbsp;&lt;/strong&gt;&lt;/p&gt;\n&lt;p&gt;&lt;br&gt;&lt;/p&gt;\n&lt;p&gt;&lt;strong&gt;Art. 27 -&amp;nbsp;&lt;/strong&gt;La asamblea es el &amp;oacute;rgano soberano y m&amp;aacute;s representativo del C.E.C.S .&lt;/p&gt;\n&lt;p&gt;&lt;strong&gt;Art. 28 -&amp;nbsp;&lt;/strong&gt;La asamblea ser&amp;aacute; coordinada por el Secretario General y/o por el Presidente.&lt;/p&gt;\n&lt;p&gt;&lt;strong&gt;Art. 29 -&amp;nbsp;&lt;/strong&gt;Todo estudiante tiene derecho a tomar la palabra dado que el debate directo entre compa&amp;ntilde;eros es el esp&amp;iacute;ritu de la misma. En caso de que quien desee hablar no pertenezca al claustro estudiantil, deber&amp;aacute; votarse en la asamblea su intervenci&amp;oacute;n.&lt;/p&gt;\n&lt;p&gt;&lt;br&gt;&lt;/p&gt;\n&lt;p&gt;&lt;u&gt;&lt;strong&gt;Secci&amp;oacute;n&amp;nbsp;C: &amp;lsquo;De la Comisi&amp;oacute;n Directiva&amp;rdquo;&lt;/strong&gt;&lt;/u&gt;&lt;/p&gt;\n&lt;p&gt;&lt;strong&gt;Art. 30 -&amp;nbsp;&lt;/strong&gt;Existir&amp;aacute; la Comisi&amp;oacute;n Directiva integrada por los 8 (ocho) Vocales y el Secretario General, que tendr&amp;aacute; a su cargo:&lt;/p&gt;\n&lt;ol type=&quot;a&quot;&gt;\n    &lt;li&gt;\n        &lt;p&gt;Tomar decisiones a nivel C.E.C.S. cuando todav&amp;iacute;a no se haya conformado el Cuerpo de Delegados.&lt;/p&gt;\n    &lt;/li&gt;\n    &lt;li&gt;\n        &lt;p&gt;Reunirse cuando cualquiera de sus integrantes as&amp;iacute; lo exija, dirigi&amp;eacute;ndose al Secretario General quien tendr&amp;aacute; la obligaci&amp;oacute;n de concederla.&lt;/p&gt;\n    &lt;/li&gt;\n    &lt;li&gt;\n        &lt;p&gt;Se encargar&amp;aacute; de fiscalizar los balances entregados por los Voceros de las comisiones y de reasignar el dinero del C.E.C.S para diversas actividades, reuni&amp;eacute;ndose bimestralmente. Luego se informara de los resultados de estas reuniones ante el Cuerpo de Delegados.&lt;/p&gt;\n    &lt;/li&gt;\n    &lt;li&gt;\n        &lt;p&gt;Reunirse y tomar decisiones a nivel C.E.C.S. cuando no sea posible convocar a instancias de mayor representatividad.&lt;/p&gt;\n    &lt;/li&gt;\n&lt;/ol&gt;\n&lt;p&gt;&lt;br&gt;&lt;/p&gt;\n&lt;p&gt;&lt;br&gt;&lt;/p&gt;\n&lt;p&gt;&lt;u&gt;&lt;strong&gt;Secci&amp;oacute;n D: &amp;quot;De la forma de elecci&amp;oacute;n de la Conducci&amp;oacute;n y de&amp;nbsp;la Comisi&amp;oacute;n Directiva&amp;rdquo;&lt;/strong&gt;&lt;/u&gt;&lt;/p&gt;\n&lt;p&gt;&lt;strong&gt;Art. 31 -&lt;/strong&gt; La forma de elecci&amp;oacute;n de los cargos de la conducci&amp;oacute;n y de la Comisi&amp;oacute;n Directiva ser&amp;aacute; de la siguiente manera:&lt;/p&gt;\n&lt;ol type=&quot;a&quot;&gt;\n    &lt;li&gt;\n        &lt;p&gt;Una agrupaci&amp;oacute;n pol&amp;iacute;tica/estudiantil, presenta a elecciones directas en una misma boleta, coma f&amp;oacute;rmula, los candidatos a Presidente y Secretario General.&lt;/p&gt;\n    &lt;/li&gt;\n    &lt;li&gt;\n        &lt;p&gt;Entre todas las f&amp;oacute;rmulas resultar&amp;aacute; electa la que obtenga la primera minor&amp;iacute;a.&lt;/p&gt;\n    &lt;/li&gt;\n    &lt;li&gt;\n        &lt;p&gt;Un mismo estudiante no podr&amp;aacute; formar parte de m&amp;aacute;s de una boleta.&lt;/p&gt;\n    &lt;/li&gt;\n    &lt;li&gt;\n        &lt;p&gt;La repartici&amp;oacute;n de Vocal&amp;iacute;as ser&amp;aacute; proporcional a los votos de las agrupaciones y se destinar&amp;aacute; 1 (un) Vocal por cada 12,5% de votos electos a cuya agrupaci&amp;oacute;n.&lt;/p&gt;\n    &lt;/li&gt;\n&lt;/ol&gt;\n&lt;p&gt;&lt;strong&gt;Art. 32 -&amp;nbsp;&lt;/strong&gt;La Comisi&amp;oacute;n Directiva sera la encargada de elegir al tesorero quien sera el encargado de la tenencia del dinero. La administraci&amp;oacute;n del mismo corresponde a lo dictado en el art&amp;iacute;culo 30 inciso c).&lt;/p&gt;\n&lt;p&gt;&lt;br&gt;&lt;/p&gt;\n&lt;p&gt;&lt;u&gt;&lt;strong&gt;Secci&amp;oacute;n E: &amp;quot;De la Conducci&amp;oacute;n&amp;quot;&lt;/strong&gt;&lt;/u&gt;&lt;/p&gt;\n&lt;p class=&quot;center&quot;&gt;&lt;strong&gt;&amp;iquest;Que es la Conducci&amp;oacute;n?&amp;nbsp;&lt;/strong&gt;&lt;/p&gt;\n&lt;p&gt;&lt;strong&gt;La conducci&amp;oacute;n esta formada por el Presidente y el Secretario General. Su funci&amp;oacute;n consta de, en caso de no haber habido la correspondiente instancia de decisi&amp;oacute;n, tomar una decisi&amp;oacute;n por aquellos participantes de una actividad o instancia del C.E.C.S para luego rendir cuentas ante el conjunto del estudiantado. Por ello sus decisiones siempre deber&amp;aacute;n estar orientadas por el criterio de la defensa de los intereses de la totalidad de los estudiantes, est&amp;eacute;n o no presentes, en la instancia sobre la que la conducci&amp;oacute;n determina.&amp;nbsp;&lt;/strong&gt;&lt;/p&gt;\n&lt;p&gt;&lt;br&gt;&lt;/p&gt;\n&lt;p&gt;&lt;strong&gt;Art. 33&amp;nbsp;&lt;/strong&gt;- El Presidente del C.E.C.S. tiene las siguientes atribuciones:&lt;/p&gt;\n&lt;ol type=&quot;a&quot;&gt;\n    &lt;li&gt;\n        &lt;p&gt;Tiene a su cargo el funcionamiento correcto del C.E.C.S.&lt;/p&gt;\n    &lt;/li&gt;\n    &lt;li&gt;\n        &lt;p&gt;Participa de la formaci&amp;oacute;n de las resoluciones votadas en el cuerpo de delegados, las sanciona y promulga.&lt;/p&gt;\n    &lt;/li&gt;\n    &lt;li&gt;\n        &lt;p&gt;Convoca a sesiones extraordinarias del Cuerpo de Delegados cuando un inter&amp;eacute;s de urgencia lo requiera.&lt;/p&gt;\n    &lt;/li&gt;\n    &lt;li&gt;\n        &lt;p&gt;Tiene a su cargo la representaci&amp;oacute;n del C.E.C.S. Por lo tanto ser&amp;aacute; a &amp;eacute;l a quien se dirijan las autoridades y dem&amp;aacute;s miembros ajenos al estudiantado, en caso de que deseen contactarse con dicho organismo.&lt;/p&gt;\n    &lt;/li&gt;\n    &lt;li&gt;\n        &lt;p&gt;Sera &amp;eacute;l quien firme todas las notas y cartas que el C.E.C.S. emita.&lt;/p&gt;\n    &lt;/li&gt;\n    &lt;li&gt;\n        &lt;p&gt;Tendr&amp;aacute; la capacidad de tomar decisiones personalmente cuando la urgencia de la circunstancia no permita discutir el punto en el Cuerpo de Delegados, Asamblea ni Comisi&amp;oacute;n Directiva. Deber&amp;aacute; rendir cuenta ante todos los estudiantes por lo decidido.&lt;/p&gt;\n    &lt;/li&gt;\n    &lt;li&gt;\n        &lt;p&gt;Asume las facultades del Secretario General en caso de renuncia del mismo.&lt;/p&gt;\n    &lt;/li&gt;\n&lt;/ol&gt;\n&lt;p&gt;&lt;strong&gt;Art. 34 -&amp;nbsp;&lt;/strong&gt;Secundar&amp;aacute; al Presidente otro estudiante con el titulo de &amp;quot;Secretario General&amp;quot;.&lt;/p&gt;\n&lt;p&gt;&lt;strong&gt;Art. 35 -&amp;nbsp;&lt;/strong&gt;Son atribuciones del Secretario General&lt;/p&gt;\n&lt;ol type=&quot;a&quot;&gt;\n    &lt;li&gt;\n        &lt;p&gt;Coordinar las actividades y comisiones del C.E.C.S., limitando su campo de acci&amp;oacute;n y haciendo respetar las atribuciones que a cada una le pertenezcan.&lt;/p&gt;\n    &lt;/li&gt;\n    &lt;li&gt;\n        &lt;p&gt;Dirigir el Cuerpo de Delegados haciendo respetar la orden del d&amp;iacute;a, otorgando la palabra e imponiendo orden cuando fuese necesario.&lt;/p&gt;\n    &lt;/li&gt;\n    &lt;li&gt;\n        &lt;p&gt;Decidir en caso de que se registre un empate en una votaci&amp;oacute;n del Cuerpo.&lt;/p&gt;\n    &lt;/li&gt;\n    &lt;li&gt;\n        &lt;p&gt;Tiene voz en el Cuerpo de Delegados pero no tiene voto salvo lo dispuesto por este mismo art&amp;iacute;culo, punto c).&lt;/p&gt;\n    &lt;/li&gt;\n    &lt;li&gt;\n        &lt;p&gt;Asume las Facultades del Presidente en caso de ausencia o renuncia del mismo.&lt;/p&gt;\n    &lt;/li&gt;\n&lt;/ol&gt;\n&lt;p&gt;&lt;strong&gt;Art. 36 -&amp;nbsp;&lt;/strong&gt;Todos los cargos son autom&amp;aacute;ticamente revocables en cualquier momento del a&amp;ntilde;o a trav&amp;eacute;s de los m&amp;eacute;todos descriptos en el art&amp;iacute;culo fundamental. En caso de dudarse sobre la continuidad de un estudiante en su cargo se proceder&amp;aacute; de esa forma.&lt;/p&gt;\n&lt;p&gt;&lt;br&gt;&lt;/p&gt;\n&lt;p class=&quot;center&quot;&gt;&lt;u&gt;&lt;strong&gt;Capitulo Segundo: &amp;quot;&lt;em&gt;De las instancias de trabaj&amp;oacute;&lt;/em&gt;&amp;rdquo;&lt;/strong&gt;&lt;/u&gt;&lt;/p&gt;\n&lt;p&gt;&lt;u&gt;&lt;strong&gt;Secci&amp;oacute;n A: &amp;quot;De las Comisiones&amp;quot;&lt;/strong&gt;&lt;/u&gt;&lt;/p&gt;\n&lt;p&gt;&lt;strong&gt;Art. 37 -&amp;nbsp;&lt;/strong&gt;Todo estudiante de la Escuela T&amp;eacute;cnica N&amp;deg; 26 tiene derecho a crear o pertenecer a una o m&amp;aacute;s comisiones con un fin determinado y regular las instancias de las mismas.&lt;/p&gt;\n&lt;p&gt;&lt;strong&gt;Art. 38 -&amp;nbsp;&lt;/strong&gt;Cada Comisi&amp;oacute;n tendr&amp;aacute; un Vocero, el cual es elegido en forma directa por la Comisi&amp;oacute;n para desempe&amp;ntilde;ar su funci&amp;oacute;n.&lt;/p&gt;\n&lt;p&gt;&lt;strong&gt;Art. 39 -&amp;nbsp;&lt;/strong&gt;Los Voceros deber&amp;aacute;n presentar mensualmente los balances generales de sus Comisiones en la correspondiente reuni&amp;oacute;n de Comisi&amp;oacute;n Directiva.&lt;/p&gt;\n&lt;p&gt;&lt;br&gt;&lt;/p&gt;\n&lt;p&gt;&lt;u&gt;&lt;strong&gt;Secci&amp;oacute;n B: &amp;quot;De las Asambleas de Debate&amp;quot;&lt;/strong&gt;&lt;/u&gt;&lt;/p&gt;\n&lt;p&gt;&lt;strong&gt;Art. 40 -&amp;nbsp;&lt;/strong&gt;Las Asambleas de Debate son espacios de discusi&amp;oacute;n e intercambio de ideas y opiniones.&lt;/p&gt;\n&lt;p&gt;&lt;strong&gt;Art. 41 -&amp;nbsp;&lt;/strong&gt;No tendr&amp;aacute;n poder resolutivo, pero podr&amp;aacute;n mocionar ante el Cuerpo de Delegados por medio de un vocero.&lt;/p&gt;\n&lt;p&gt;&lt;strong&gt;Art. 42 -&amp;nbsp;&lt;/strong&gt;Su periodicidad ser&amp;aacute; determinada por la misma asamblea, siendo la primera convocada por el Cuerpo de Delegados.&lt;/p&gt;\n&lt;p&gt;&lt;br&gt;&lt;/p&gt;\n&lt;p&gt;&lt;br&gt;&lt;/p&gt;\n&lt;h3&gt;Tercera Parte: &amp;quot;Del Acto Eleccionario&amp;quot;&lt;/h3&gt;\n&lt;p&gt;&lt;strong&gt;Art. 43 -&amp;nbsp;&lt;/strong&gt;Una vez por a&amp;ntilde;o se realizar&amp;aacute; un acto de comicio con el fin de renovar las autoridades del C.E.C.S&lt;/p&gt;\n&lt;p class=&quot;center&quot;&gt;&lt;u&gt;&lt;strong&gt;Cap&amp;iacute;tulo Primero: &amp;quot;&lt;em&gt;De los electores&lt;/em&gt;&amp;quot;&amp;nbsp;&lt;/strong&gt;&lt;/u&gt;&lt;/p&gt;\n&lt;p&gt;&lt;strong&gt;Art. 44 -&amp;nbsp;&lt;/strong&gt;Podr&amp;aacute;n ser electores todas aquellas personas que re&amp;uacute;nan la condici&amp;oacute;n de alumno regular de la Escuela T&amp;eacute;cnica N&amp;apos; 26, debiendo acreditar su identidad mediante el Documento respectivo o credencial del colegio.&lt;/p&gt;\n&lt;p&gt;&lt;strong&gt;Art. 45 -&amp;nbsp;&lt;/strong&gt;Tienen derecho a:&lt;/p&gt;\n&lt;ol type=&quot;a&quot;&gt;\n    &lt;li&gt;\n        &lt;p&gt;Emitir su voto a pesar de figurar ausente en el registro de asistencia el d&amp;iacute;a de la elecci&amp;oacute;n.&lt;/p&gt;\n    &lt;/li&gt;\n    &lt;li&gt;\n        &lt;p&gt;Elegir libremente a quien votar, sin ser obligado por nada ni nadie.&lt;/p&gt;\n    &lt;/li&gt;\n    &lt;li&gt;\n        &lt;p&gt;Hacer constar en las actas de mesa las observaciones que se refieran a irregularidades en el acto eleccionario, ya sea en el momento de emitir su voto o dentro de los tres d&amp;iacute;as h&amp;aacute;biles siguientes mediante una nota debidamente firmada, dirigida a la Junta Electoral.&lt;/p&gt;\n    &lt;/li&gt;\n&lt;/ol&gt;\n&lt;p&gt;&lt;strong&gt;Art. 46 -&amp;nbsp;&lt;/strong&gt;El voto es secreto, individual y obligatorio.&lt;/p&gt;\n&lt;p&gt;&lt;strong&gt;Art. 47 -&amp;nbsp;&lt;/strong&gt;El padr&amp;oacute;n definitivo es en el que figuran todos los alumnos regulares correspondientes al a&amp;ntilde;o lectivo, ordenados alfab&amp;eacute;ticamente por tumo, a&amp;ntilde;o y divisi&amp;oacute;n; ser&amp;aacute; confeccionado por la Junta Electoral.&lt;/p&gt;\n&lt;p&gt;&lt;strong&gt;Art.48 -&amp;nbsp;&lt;/strong&gt;Del padr&amp;oacute;n definitivo se dar&amp;aacute; una copia a cada uno de los presidentes de mesa, pudiendo las listas intervinientes solicitar una copia del mismo hasta 48 horas antes del comicio. Estas &amp;uacute;ltimas ser&amp;aacute;n autofinanciadas.&lt;/p&gt;\n&lt;p&gt;&lt;strong&gt;Art. 49-&amp;nbsp;&lt;/strong&gt;A los fines del comicio el padr&amp;oacute;n se dividir&amp;aacute; en una mesa electoral&lt;/p&gt;\n&lt;p&gt;&lt;br&gt;&lt;/p&gt;\n&lt;p&gt;&lt;br&gt;&lt;/p&gt;\n&lt;p class=&quot;center&quot;&gt;&lt;u&gt;&lt;strong&gt;Capitulo Segundo: &amp;quot;&lt;em&gt;De la Junta Electoral&lt;/em&gt;&amp;apos;&amp;nbsp;&lt;/strong&gt;&lt;/u&gt;&lt;/p&gt;\n&lt;p&gt;&lt;strong&gt;Art. 50 -&amp;nbsp;&lt;/strong&gt;Fijada la fecha de la elecci&amp;oacute;n por el Cuerpo De Delegados, en el mismo acto quedar&amp;aacute; constituida la Junta Electoral.&lt;/p&gt;\n&lt;p&gt;&lt;strong&gt;Art. 51 -&amp;nbsp;&lt;/strong&gt;La Junta Electoral estar&amp;aacute; integrada por un apoderado de cada agrupaci&amp;oacute;n. La misma estar&amp;aacute; presidida por el Presidente del C.E.C.S, en su ausencia el Secretario General del C.E.C.S se desempe&amp;ntilde;ar&amp;aacute; en dicha funci&amp;oacute;n, la cual s&amp;oacute;lo tendr&amp;aacute; capacidad de voz y no en cambio de voto. En caso de ausencia del apoderado, el mismo podr&amp;aacute; ser reemplazado por otro integrante de la agrupaci&amp;oacute;n previa notificaci&amp;oacute;n.&lt;/p&gt;\n&lt;p&gt;&lt;strong&gt;Art. 52 -&amp;nbsp;&lt;/strong&gt;En caso de alianza o coalici&amp;oacute;n tendr&amp;aacute;n un s&amp;oacute;lo representante en la Junta.&lt;/p&gt;\n&lt;p&gt;&lt;strong&gt;Art. 53 -&amp;nbsp;&lt;/strong&gt;Cualquiera de los apoderados podr&amp;aacute; convocar a una reuni&amp;oacute;n de Junta en el momento en que lo considere necesario.&lt;/p&gt;\n&lt;p&gt;&lt;strong&gt;Art. 54 -&amp;nbsp;&lt;/strong&gt;Sus atribuciones son:&lt;/p&gt;\n&lt;ol type=&quot;a&quot;&gt;\n    &lt;li&gt;\n        &lt;p&gt;Comunicar a las autoridades del Colegio sobre el acto electoral a desarrollarse.&lt;/p&gt;\n    &lt;/li&gt;\n    &lt;li&gt;\n        &lt;p&gt;Fijar fecha y car&amp;aacute;cter de la campa&amp;ntilde;a electoral..&lt;/p&gt;\n    &lt;/li&gt;\n    &lt;li&gt;\n        &lt;p&gt;Dise&amp;ntilde;ar las boletas (boleta &amp;uacute;nica) de sufragio cumpliendo los siguientes requisitos:&lt;/p&gt;\n        &lt;p&gt;- Que todas las listas ocupen el mismo espacio en la boleta&lt;/p&gt;\n        &lt;p&gt;- Que el lugar para marcar la elecci&amp;oacute;n sea claro y no tape la informaci&amp;oacute;n de la lista en su espacio de la boleta&lt;/p&gt;\n        &lt;p&gt;- Que los candidatos que figuren en la boleta sean alumnos de 1 a 5&amp;deg; a&amp;ntilde;o&lt;/p&gt;\n        &lt;p&gt;- No repetir el nombre de un candidato en m&amp;aacute;s de un campo&lt;/p&gt;\n    &lt;/li&gt;\n    &lt;li&gt;\n        &lt;p&gt;Designar los miembros que se desempe&amp;ntilde;ar&amp;aacute;n, uno como fiscal de la lista y otro como fiscal general; los mismos deber&amp;aacute;n ser reconocidos por la Junta 48 horas antes de los comicios.&lt;/p&gt;\n    &lt;/li&gt;\n    &lt;li&gt;\n        &lt;p&gt;Nombrar cada uno de sus miembros 48 horas antes del comicio, dos personas para que se encuentren presentes en el recuento de votos.&lt;/p&gt;\n    &lt;/li&gt;\n    &lt;li&gt;\n        &lt;p&gt;Controlar el normal desarrollo de la campa&amp;ntilde;a electoral.&lt;/p&gt;\n    &lt;/li&gt;\n    &lt;li&gt;\n        &lt;p&gt;Investigar las posibles irregularidades eleccionarias que se denuncien, desde el inicio de la campa&amp;ntilde;a electoral hasta tres d&amp;iacute;as h&amp;aacute;biles despu&amp;eacute;s del recuento de votos, pudiendo resolver la validez o nulidad de la elecci&amp;oacute;n.&lt;/p&gt;\n    &lt;/li&gt;\n    &lt;li&gt;\n        &lt;p&gt;Habilitar un lugar visible para el dep&amp;oacute;sito de las urnas, una vez finalizado el horario de votaci&amp;oacute;n en cada turno.&lt;/p&gt;\n    &lt;/li&gt;\n    &lt;li&gt;\n        &lt;p&gt;Procurar la informaci&amp;oacute;n necesaria a cada uno de los fiscales para el mejor&lt;/p&gt;\n        &lt;p&gt;desempe&amp;ntilde;o de sus funciones.&lt;/p&gt;\n    &lt;/li&gt;\n    &lt;li&gt;\n        &lt;p&gt;Designar el tama&amp;ntilde;o de la boleta.&lt;/p&gt;\n    &lt;/li&gt;\n&lt;/ol&gt;\n&lt;p&gt;&lt;br&gt;&lt;/p&gt;\n&lt;p&gt;&lt;br&gt;&lt;/p&gt;\n&lt;p&gt;&lt;u&gt;&lt;strong&gt;Cap&amp;iacute;tulo&amp;nbsp;Tercero: &amp;quot;&lt;em&gt;De las&amp;nbsp;Autoridades de Mesa&lt;/em&gt;&amp;quot;&lt;/strong&gt;&lt;/u&gt;&lt;/p&gt;\n&lt;p&gt;&lt;br&gt;&lt;/p&gt;\n&lt;p&gt;&lt;strong&gt;Art. 55 -&amp;nbsp;&lt;/strong&gt;Podr&amp;aacute;n ser fiscales quienes re&amp;uacute;nan los mismos requisitos que los electores y adem&amp;aacute;s hayan sido reconocidos por la junta.&lt;/p&gt;\n&lt;p&gt;&lt;strong&gt;Art. 56 -&amp;nbsp;&lt;/strong&gt;Los fiscales generales podr&amp;aacute;n supervisar a los fiscales de su agrupaci&amp;oacute;n y hacer intervenciones circunstanciales.&lt;/p&gt;\n&lt;p&gt;&lt;strong&gt;Art. 57 -&amp;nbsp;&lt;/strong&gt;La mesa ser&amp;aacute; administrada por un Presidente de mesa, junto a &amp;eacute;l actuar&amp;aacute; un solo fiscal de cada agrupaci&amp;oacute;n que as&amp;iacute; lo desee.&lt;/p&gt;\n&lt;p&gt;&lt;strong&gt;Art. 58-&amp;nbsp;&lt;/strong&gt;Son sus atribuciones:&lt;/p&gt;\n&lt;ol type=&quot;a&quot;&gt;\n    &lt;li&gt;\n        &lt;p&gt;Bregar por la legitimidad, conforme a este reglamento, de las elecciones.&lt;/p&gt;\n    &lt;/li&gt;\n    &lt;li&gt;\n        &lt;p&gt;Hacer constar en actas cualquier observaci&amp;oacute;n o anormalidad en el completo desarrollo de la elecci&amp;oacute;n.&lt;/p&gt;\n    &lt;/li&gt;\n    &lt;li&gt;\n        &lt;p&gt;Son parte de las autoridades legales de la mesa electora a su cargo, por lo cual deber&amp;aacute;n firmar la faja de la urna y controlar la cantidad de boletas en el &amp;quot;cuarto oscuro&amp;quot;.&lt;/p&gt;\n    &lt;/li&gt;\n&lt;/ol&gt;\n&lt;p&gt;&lt;strong&gt;Art. 59 -&amp;nbsp;&lt;/strong&gt;Los fiscales son invariables dentro de un turno, en caso de fuerza mayor su reemplazante y dicha circunstancia constar&amp;aacute;n en el acta correspondiente.&lt;/p&gt;\n&lt;p&gt;&lt;br&gt;&lt;/p&gt;\n&lt;p class=&quot;center&quot;&gt;&lt;u&gt;&lt;strong&gt;Capitulo Cuarto: &amp;quot;&lt;em&gt;De los Elementos Electorales&lt;/em&gt;&amp;quot;&amp;nbsp;&lt;/strong&gt;&lt;/u&gt;&lt;/p&gt;\n&lt;p&gt;&lt;br&gt;&lt;/p&gt;\n&lt;p&gt;&lt;strong&gt;Art. 60 -&amp;nbsp;&lt;/strong&gt;Todos los elementos y &amp;uacute;tiles necesarios para el correcto funcionamiento del acto electoral deben ser provistos por la Comisi&amp;oacute;n Directiva de C.E.C.S. En caso contrario, la Junta Electoral tomar&amp;aacute; resoluciones pertinentes.&lt;/p&gt;\n&lt;p&gt;&lt;strong&gt;Art. 61 -&amp;nbsp;&lt;/strong&gt;La urna, deber&amp;aacute; ser de cart&amp;oacute;n y estar previamente sellada.&lt;/p&gt;\n&lt;p&gt;&lt;br&gt;&lt;/p&gt;\n&lt;p&gt;&lt;u&gt;&lt;strong&gt;Capitulo Quinto: &amp;quot;&lt;em&gt;Del Acto Electoral&lt;/em&gt;&amp;rdquo;&lt;/strong&gt;&lt;/u&gt;&lt;/p&gt;\n&lt;p&gt;&lt;br&gt;&lt;/p&gt;\n&lt;p&gt;&lt;strong&gt;Art. 62 -&amp;nbsp;&lt;/strong&gt;El presidente de mesa proceder&amp;aacute;:&lt;/p&gt;\n&lt;ol&gt;\n    &lt;li&gt;\n        &lt;p&gt;A recibir la urna, los registros, &amp;uacute;tiles y dem&amp;aacute;s elementos que le entreguen los miembros de la junta electoral.&lt;/p&gt;\n    &lt;/li&gt;\n    &lt;li&gt;\n        &lt;p&gt;A cerrar la urna poni&amp;eacute;ndole una faja de papel que no impida la introducci&amp;oacute;n de las boletas de los votantes, la misma debe estar firmada por el presidente y los fiscales de mesa. Colocar&amp;aacute; la urna sobre la mesa asignada en forma visible.&lt;/p&gt;\n    &lt;/li&gt;\n    &lt;li&gt;\n        &lt;p&gt;Habilitar otro lugar inmediato a la mesa que funcionar&amp;aacute; como cuarto oscuro, donde los electores marcar&amp;aacute;n sus boletas, tendr&amp;aacute; un &amp;uacute;nico acceso y su entrada estar&amp;aacute; libre de toda persona.&lt;/p&gt;\n    &lt;/li&gt;\n    &lt;li&gt;\n        &lt;p&gt;A entregar en mano al elector las boletas aprobadas por la Junta y firmadas por los fiscales.&lt;/p&gt;\n    &lt;/li&gt;\n&lt;/ol&gt;\n&lt;p&gt;&lt;br&gt;&lt;/p&gt;\n&lt;p&gt;&lt;strong&gt;Art. 63 -&amp;nbsp;&lt;/strong&gt;Practicadas las medidas anteriores el presidente declarar&amp;aacute; abierto el acto electoral y labrar&amp;aacute; el acta pertinente, la que ser&amp;aacute; firmada por todos los fiscales; cualquier anormalidad que se presente se har&amp;aacute; constar en las actas.&lt;/p&gt;\n&lt;p&gt;&lt;strong&gt;Art.64 -&amp;nbsp;&lt;/strong&gt;El secreto del voto es obligatorio durante todo el desarrollo del acto electoral. Ning&amp;uacute;n elector podr&amp;aacute; exhibir boletas de sufragio o formular manifestaciones que sean violadoras de este secreto.&lt;/p&gt;\n&lt;p&gt;&lt;strong&gt;Art.65 -&amp;nbsp;&lt;/strong&gt;El presidente entregar&amp;aacute; a cada elector una boleta sin marcar con su firma y la de cualquiera de los fiscales.&lt;/p&gt;\n&lt;p&gt;&lt;strong&gt;Art.66 -&amp;nbsp;&lt;/strong&gt;Ingresado al cuarto oscuro y cerrada exteriormente la puerta el elector marcar&amp;aacute; en la boleta su sufragio y volver&amp;aacute; inmediatamente a la mesa con la boleta debidamente plegada; la cual introducir&amp;aacute; en la urna.&lt;/p&gt;\n&lt;p&gt;&lt;strong&gt;Art. 67&amp;nbsp;-&amp;nbsp;&lt;/strong&gt;El presidente anotar&amp;aacute; en el padr&amp;oacute;n de la mesa la palabra &amp;quot;vot&amp;oacute;&amp;quot; en la columna respectiva del nombre del sufragante.&lt;/p&gt;\n&lt;p&gt;&lt;strong&gt;Art. 68 -&amp;nbsp;&lt;/strong&gt;Cumplido el horario de finalizaci&amp;oacute;n de las elecciones en cada turno el presidente tachar&amp;aacute; en padr&amp;oacute;n los nombres de las personas que no hayan votado. Al pie del acta se anotar&amp;aacute; el n&amp;uacute;mero de sufragantes y cualquier observaci&amp;oacute;n formulada; Asimismo se cerrar&amp;aacute; la urna con faja numerada, n&amp;uacute;mero del cual figurar&amp;aacute; en el acta. La urna se depositar&amp;aacute; en presencia de todos los fiscales el presidente, en un lugar visible previamente establecido.&lt;/p&gt;\n&lt;p&gt;&lt;br&gt;&lt;/p&gt;\n&lt;p class=&quot;center&quot;&gt;&lt;u&gt;&lt;strong&gt;Cap&amp;iacute;tulo Sexto: &amp;quot;&lt;em&gt;Del Escrutinio&lt;/em&gt;&amp;quot;&lt;/strong&gt;&lt;/u&gt;&lt;/p&gt;\n&lt;p&gt;&lt;strong&gt;Art. 69 -&amp;nbsp;&lt;/strong&gt;Finalizados los comicios el presidente y el secretario general del C.E.C.S , un encargado de cada agrupaci&amp;oacute;n proceder&amp;aacute;n a realizar el escrutinio, ajust&amp;aacute;ndose al siguiente procedimiento:&lt;/p&gt;\n&lt;p&gt;&lt;br&gt;&lt;/p&gt;\n&lt;ol&gt;\n    &lt;li&gt;\n        &lt;p&gt;Abrir&amp;aacute;n la urna, y contar&amp;aacute;n las boletas, verificando que su total sea igual al de los sufragantes consignados al pie del acta, pudiendo haber un margen de error de 4 votos (m&amp;aacute;s o menos).&lt;/p&gt;\n    &lt;/li&gt;\n    &lt;li&gt;\n        &lt;p&gt;Desdoblaran las boletas.&lt;/p&gt;\n    &lt;/li&gt;\n    &lt;li&gt;\n        &lt;p&gt;Luego separaran los sufragios en las siguientes categor&amp;iacute;as:&lt;/p&gt;\n        &lt;ol type=&quot;a&quot;&gt;\n            &lt;li&gt;\n                &lt;p&gt;&lt;u&gt;Votos v&lt;/u&gt;&lt;u&gt;&amp;aacute;l&lt;/u&gt;&lt;u&gt;idos&lt;/u&gt;: Son los emitidos mediante boleta oficial a&amp;uacute;n cuando tuvieran tachaduras de candidatos, agregados o sustituciones.&lt;/p&gt;\n            &lt;/li&gt;\n            &lt;li&gt;\n                &lt;p&gt;&lt;u&gt;Votos nulos&lt;/u&gt;: Son aquellos emitidos:&lt;/p&gt;\n                &lt;p&gt;- Mediante boleta oficializada que contenga inscripciones y/o leyendas que no permitan leer la categor&amp;iacute;a de candidatos.&lt;/p&gt;\n                &lt;p&gt;- Mediante dos o mas marcas de distintas listas.&lt;/p&gt;\n                &lt;p&gt;- Mediante boleta oficializada que por destrucci&amp;oacute;n parcial, o defecto, no contenga sin rotura o tachadura el nombre de la lista y la categor&amp;iacute;a de candidatos a elegir&lt;/p&gt;\n            &lt;/li&gt;\n            &lt;li&gt;\n                &lt;p&gt;&lt;u&gt;Votos en blanco&lt;/u&gt;: Cuando la boleta no este marcada.&lt;/p&gt;\n            &lt;/li&gt;\n            &lt;li&gt;\n                &lt;p&gt;&lt;u&gt;Votos recurridos&lt;/u&gt;: Son aquellos cuya validez o nulidad fue cuestionada por alguna autoridad de la mesa, debiendo fundar su pedido. &amp;Eacute;ste sera declarado v&amp;aacute;lido o nulo por la Junta.&lt;/p&gt;\n            &lt;/li&gt;\n            &lt;li&gt;\n                &lt;p&gt;&lt;u&gt;Votos impugnados&lt;/u&gt;: Solo en el caso de falseamiento o improbabilidad de identidad.&lt;/p&gt;\n            &lt;/li&gt;\n        &lt;/ol&gt;\n    &lt;/li&gt;\n&lt;/ol&gt;\n&lt;p&gt;&lt;br&gt;&lt;/p&gt;\n&lt;p&gt;&lt;br&gt;&lt;/p&gt;\n&lt;p&gt;&lt;strong&gt;Art. 70 -&amp;nbsp;&lt;/strong&gt;A la sala de escrutinio s&amp;oacute;lo se permitir&amp;aacute; el ingreso de las personas designadas para tal fin.&lt;/p&gt;\n&lt;p&gt;&lt;strong&gt;Art. 71 -&amp;nbsp;&lt;/strong&gt;Al finalizar el escrutinio se redactar&amp;aacute; el acta correspondiente que firmar&amp;aacute;n los presentes. &lt;strong&gt;Art. 72 -&amp;nbsp;&lt;/strong&gt;Tanto las urnas como los votos deber&amp;aacute;n ser guardados hasta tanto se resuelvan las impugnaciones presentadas y/o se venza el t&amp;eacute;rmino para efectuar las denuncias. Cualquier miembro de la Junta Electoral, fiscal o presidente de mesa podr&amp;aacute; solicitar la pr&amp;oacute;rroga del tiempo que ha sido otorgado.&lt;/p&gt;\n&lt;/div&gt;\n&lt;/div&gt;', '.obody{\n            display: flex;\n/*            align-items: center;*/\n            justify-content: center;\n        }\n\n        h3{\n            text-align: center;\n        }        \n\n        .center{\n            text-align: center;\n        }\n\n        .estatuto{\n            max-width: 65%;\n            font-family: Arial, Helvetica, sans-serif;\n        }', 0, '2022-02-10 16:28:21', NULL),
(19, 8, '&lt;div class=&quot;articlecontent&quot;&gt;\n  El centro de estudiantes es el cuerpo dentro de la escuela que representa ...\n  &lt;br&gt;\n  Sus funciones son...\n  Se administra en secretarias que...\n  Cada anio tiene elecciones que... y se eleije...\n&lt;/div&gt;', 'default', 0, '2022-02-10 16:59:03', '2022-02-11 19:27:09'),
(20, 8, '&lt;div class=&quot;obody&quot;&gt;\n&lt;div class=&quot;articlecontent&quot;&gt;\n  &lt;h1&gt; Que es el centro?&lt;/h1&gt;\n  El centro de estudiantes es el cuerpo dentro de la escuela que representa ...\n  &lt;br&gt;\n  Sus funciones son...\n  Se administra en secretarias que...\n  Cada anio tiene elecciones que... y se eleije...\n&lt;/div&gt;\n&lt;/div&gt;', '.obody{\ndisplay: flex;\n    justify-content: center;\n    flex-direction: column;\npadding:2rem 5rem;\n}\n\n\n.center{\n    text-align: center;\n}\n\n.articlecontent{\n    max-width: 65%;\n    font-family: Arial, Helvetica, sans-serif;\n}\n\nh1{\n    font-size: 2.6em;\n}\nh2{\n    font-size: 2.3em;\n}\nh3{\n    font-size: 2em;\n}\nh4{\n    font-size: 1.6em;\n}\nh5{\n    font-size: 1.3em;\n}\nh6{\n    font-size: 1em;\n}\nh1, h2, h3, h4, h5, h6{\n    font-weight:bold;\n}', 0, '2022-02-11 19:27:09', NULL),
(21, 9, '&lt;div class=&quot;obody&quot;&gt;\n&lt;div class=&quot;articlecontent&quot;&gt;\n  &lt;h1&gt; Participacion en el centro?&lt;/h1&gt;\n  Ademas de Las reuniones de delegados (que en realidad son abiertas para todos) y ... tambien ;podes ayudarnos en ... y otras cosas que nos faltan. no tengas mideo de contactarte en ....\n  &lt;br&gt;\n  &lt;a href=&quot;/contacto&quot;&gt;Contactos&lt;/a&gt;\n&lt;/div&gt;\n&lt;/div&gt;', '.obody{\ndisplay: flex;\n    justify-content: center;\n    flex-direction: column;\npadding:2rem 5rem;\n}\n\n\n.center{\n    text-align: center;\n}\n\n.articlecontent{\n    max-width: 65%;\n    font-family: Arial, Helvetica, sans-serif;\n}\n\nh1{\n    font-size: 2.6em;\n}\nh2{\n    font-size: 2.3em;\n}\nh3{\n    font-size: 2em;\n}\nh4{\n    font-size: 1.6em;\n}\nh5{\n    font-size: 1.3em;\n}\nh6{\n    font-size: 1em;\n}\nh1, h2, h3, h4, h5, h6{\n    font-weight:bold;\n}', 0, '2022-02-11 20:01:33', NULL),
(22, 6, '&lt;div class=&quot;obody&quot;&gt;\n&lt;div class=&quot;articlecontent&quot;&gt;\n  &lt;h1&gt;Informacion del Sitio&lt;/h1&gt;\n  Aca iria toda la informacion de como se usa y que propositos tiene un sitio web de un centro de estudiantes. \n  &lt;/div&gt;\n&lt;/div&gt;', '.obody{\ndisplay: flex;\n    justify-content: center;\n    flex-direction: column;\npadding:2rem 5rem;\n}\n\n\n.center{\n    text-align: center;\n}\n\n.articlecontent{\n    max-width: 65%;\n    font-family: Arial, Helvetica, sans-serif;\n}\n\nh1{\n    font-size: 2.6em;\n}\nh2{\n    font-size: 2.3em;\n}\nh3{\n    font-size: 2em;\n}\nh4{\n    font-size: 1.6em;\n}\nh5{\n    font-size: 1.3em;\n}\nh6{\n    font-size: 1em;\n}\nh1, h2, h3, h4, h5, h6{\n    font-weight:bold;\n}', 0, '2022-02-11 20:08:59', NULL),
(23, 3, '&lt;div class=&quot;obody&quot;&gt;\n&lt;div class=&quot;articlecontent&quot;&gt;\n  &lt;h1&gt;Contactos&lt;/h1&gt;\n  Aca irian todos los contractos de las personas del centro que lo quieran tener publico. Tambien algun mail que se yo. Quizas esta pagina la sacamos y dejamos solo lo de abajo \n  &lt;/div&gt;\n&lt;/div&gt;\n', '.obody{\ndisplay: flex;\n    justify-content: center;\n    flex-direction: column;\npadding:2rem 5rem;\n}\n\n\n.center{\n    text-align: center;\n}\n\n.articlecontent{\n    max-width: 65%;\n    font-family: Arial, Helvetica, sans-serif;\n}\n\nh1{\n    font-size: 2.6em;\n}\nh2{\n    font-size: 2.3em;\n}\nh3{\n    font-size: 2em;\n}\nh4{\n    font-size: 1.6em;\n}\nh5{\n    font-size: 1.3em;\n}\nh6{\n    font-size: 1em;\n}\nh1, h2, h3, h4, h5, h6{\n    font-weight:bold;\n}', 0, '2022-02-11 20:28:53', NULL),
(24, 4, '&lt;div class=&quot;obody&quot;&gt;\n&lt;div class=&quot;articlecontent&quot;&gt;\n  &lt;h1&gt;Miembros&lt;/h1&gt;\n  No recuerdo cual era el proposito de esta pagina. Creo que la idea seria que liste los miembros de cada secretaria/comision pero ahora me parece que eso es medio invasivo de la privacidad de los alumnos? La puedo borrar si les parece mejor. Si no no.\n  &lt;/div&gt;\n&lt;/div&gt;\n', '.obody{\ndisplay: flex;\n    justify-content: center;\n    flex-direction: column;\npadding:2rem 5rem;\n}\n\n\n.center{\n    text-align: center;\n}\n\n.articlecontent{\n    max-width: 65%;\n    font-family: Arial, Helvetica, sans-serif;\n}\n\nh1{\n    font-size: 2.6em;\n}\nh2{\n    font-size: 2.3em;\n}\nh3{\n    font-size: 2em;\n}\nh4{\n    font-size: 1.6em;\n}\nh5{\n    font-size: 1.3em;\n}\nh6{\n    font-size: 1em;\n}\nh1, h2, h3, h4, h5, h6{\n    font-weight:bold;\n}', 0, '2022-02-11 20:39:26', NULL),
(25, 11, '&lt;div class=&quot;obody&quot;&gt;\n&lt;div class=&quot;articlecontent&quot;&gt;\n  &lt;h1&gt;Transparencia&lt;/h1&gt;\n  Esta pagina explicaria como tener un registro publico en la forma de este sitio del centro y sus actividades haria mas transparente a su funcionamiento, y explicaria que el sitio permite ver cualquier version de cualquier cosa en este sitio por si fue cambiada.\n&lt;/div&gt;\n&lt;/div&gt;\n\n', '.obody{\ndisplay: flex;\n    justify-content: center;\n    flex-direction: column;\npadding:2rem 5rem;\n}\n\n\n.center{\n    text-align: center;\n}\n\n.articlecontent{\n    max-width: 65%;\n    font-family: Arial, Helvetica, sans-serif;\n}\n\nh1{\n    font-size: 2.6em;\n}\nh2{\n    font-size: 2.3em;\n}\nh3{\n    font-size: 2em;\n}\nh4{\n    font-size: 1.6em;\n}\nh5{\n    font-size: 1.3em;\n}\nh6{\n    font-size: 1em;\n}\nh1, h2, h3, h4, h5, h6{\n    font-weight:bold;\n}', 0, '2022-02-11 20:44:19', NULL);
INSERT INTO `textupdates` (`id`, `post_id`, `content`, `css`, `author_id`, `created_at`, `replaced_at`) VALUES
(26, 7, '&lt;div class=&quot;obody&quot;&gt;\n&lt;div class=&quot;articlecontent&quot;&gt;\n  &lt;h1&gt;Informacion tecnica y Documentacion&lt;/h1&gt;\n  En esta pagina explicaria el desastre que es el sitio internamente, la razon del desastre, una disculpa mia, informacion de como funcionan los internos del sitio, y informacion en como colaborar para mejorarlo.\n  &lt;/div&gt;\n&lt;/div&gt;\n', '.obody{\ndisplay: flex;\n    justify-content: center;\n    flex-direction: column;\npadding:2rem 5rem;\n}\n\n\n.center{\n    text-align: center;\n}\n\n.articlecontent{\n    max-width: 65%;\n    font-family: Arial, Helvetica, sans-serif;\n}\n\nh1{\n    font-size: 2.6em;\n}\nh2{\n    font-size: 2.3em;\n}\nh3{\n    font-size: 2em;\n}\nh4{\n    font-size: 1.6em;\n}\nh5{\n    font-size: 1.3em;\n}\nh6{\n    font-size: 1em;\n}\nh1, h2, h3, h4, h5, h6{\n    font-weight:bold;\n}', 0, '2022-02-11 20:51:09', NULL),
(27, 39, '&lt;p&gt;Noticia: (ejemplo de noticia)&lt;/p&gt;', NULL, 0, '2022-02-11 20:53:19', NULL),
(28, 40, '&lt;p&gt;Referendum: estamos votando por que tipo de torneo queremos hacer en no que que. &amp;nbsp;me gustan las milanesas.&lt;/p&gt;', NULL, 0, '2022-02-15 22:55:32', NULL),
(29, 41, '&lt;p&gt;existe consenso respecto al retraso argentino en desarrollar su industria textil hasta la decada del 30. Todavia en 1923, una encuesta oficial determino que el consumo de textiles eestaba abastecido en un y73% por las importaciones. Los textiles, junto con los productos de acero, constituian entre la mitad y un tercio de las importaciones&lt;/p&gt;', NULL, 0, '2022-02-15 23:11:43', '2022-02-15 23:15:11'),
(30, 41, '&lt;p&gt;existe consenso respecto al retraso argentino en desarrollar su industria textil hasta la decada del 30. Todavia en 1923, una encuesta oficial determino que el consumo de textiles eestaba abastecido en un y73% por las importaciones. Los textiles, junto con los productos de acero, constituian entre la mitad y un tercio de las importaciones&lt;br&gt;&lt;br&gt;Tengo que dormir&lt;/p&gt;', NULL, 0, '2022-02-15 23:15:11', NULL),
(31, 42, '&lt;p&gt;probando probndo&lt;/p&gt;', NULL, 0, '2022-02-17 23:30:35', NULL);

-- --------------------------------------------------------

--
-- Table structure for table `users`
--

CREATE TABLE `users` (
  `id` int(10) UNSIGNED NOT NULL,
  `name` varchar(64) NOT NULL,
  `nickname` varchar(64) DEFAULT NULL,
  `perms` bigint(20) UNSIGNED NOT NULL,
  `email` varchar(255) DEFAULT NULL,
  `password` varchar(32) DEFAULT NULL,
  `created_at` datetime DEFAULT NULL,
  `deleted_at` datetime DEFAULT NULL,
  `updated_at` datetime NOT NULL,
  `code` varchar(8) NOT NULL
) ENGINE=InnoDB DEFAULT CHARSET=utf8mb4;

--
-- Dumping data for table `users`
--

INSERT INTO `users` (`id`, `name`, `nickname`, `perms`, `email`, `password`, `created_at`, `deleted_at`, `updated_at`, `code`) VALUES
(0, 'root', NULL, 18446744073709551615, 'root@root.com', 'e99a18c428cb38d5f260853678922e03', '2022-02-01 18:08:20', NULL, '2022-02-01 18:08:20', 'rootroot'),
(1, 'placeholder', '&quot;\'\\&quot;\\\'--', 2147483648, 'placeholdr@amogus.ar', 'e99a18c428cb38d5f260853678922e03', '2022-01-31 23:08:44', NULL, '2022-02-16 23:02:25', 'abcd1234'),
(5, 'Pepe aSanass', NULL, 0, NULL, NULL, NULL, NULL, '2022-02-13 10:02:31', '9cbee866'),
(6, 'Nombre Apellido', NULL, 68719476736, NULL, NULL, NULL, NULL, '2022-02-13 10:03:10', 'a5ecb7cc'),
(8, 'aaa', NULL, 274877906952, NULL, NULL, NULL, NULL, '2022-02-13 10:06:06', '636dc222'),
(9, 'wwwwww', NULL, 1024, NULL, NULL, NULL, NULL, '2022-02-13 22:59:06', 'c5e97985'),
(15, 'almuerzoo', NULL, 309237710848, NULL, NULL, NULL, NULL, '2022-02-14 09:57:25', '38558156'),
(16, 'Prueba de admins 2 (rip)', NULL, 17179876352, 'ponele@gmail.com', 'e99a18c428cb38d5f260853678922e03', '2022-02-16 23:01:39', NULL, '2022-02-16 23:02:44', 'c393a10e');

-- --------------------------------------------------------

--
-- Table structure for table `votescast`
--

CREATE TABLE `votescast` (
  `user_id` int(10) UNSIGNED NOT NULL,
  `post_id` int(10) UNSIGNED NOT NULL
) ENGINE=InnoDB DEFAULT CHARSET=utf8mb4;

--
-- Dumping data for table `votescast`
--

INSERT INTO `votescast` (`user_id`, `post_id`) VALUES
(0, 35),
(1, 35),
(2, 35),
(4, 35);

-- --------------------------------------------------------

--
-- Table structure for table `votesresults`
--

CREATE TABLE `votesresults` (
  `id` int(10) UNSIGNED NOT NULL,
  `post_id` int(10) UNSIGNED NOT NULL,
  `vote` int(10) UNSIGNED NOT NULL
) ENGINE=InnoDB DEFAULT CHARSET=utf8mb4;

--
-- Dumping data for table `votesresults`
--

INSERT INTO `votesresults` (`id`, `post_id`, `vote`) VALUES
(1, 35, 0),
(2, 35, 1),
(3, 35, 0),
(4, 35, 1),
(8, 35, 1),
(9, 35, 0),
(10, 35, 0),
(11, 35, 0),
(12, 40, 0),
(13, 40, 1),
(14, 40, 2),
(15, 35, 1),
(16, 41, 0),
(17, 41, 1),
(18, 41, 2),
(19, 41, 3),
(20, 35, 1),
(21, 35, 1);

--
-- Indexes for dumped tables
--

--
-- Indexes for table `categories`
--
ALTER TABLE `categories`
  ADD PRIMARY KEY (`id`),
  ADD UNIQUE KEY `name` (`name`),
  ADD UNIQUE KEY `urlname` (`urlname`);

--
-- Indexes for table `posts`
--
ALTER TABLE `posts`
  ADD PRIMARY KEY (`id`);

--
-- Indexes for table `textupdates`
--
ALTER TABLE `textupdates`
  ADD PRIMARY KEY (`id`);

--
-- Indexes for table `users`
--
ALTER TABLE `users`
  ADD PRIMARY KEY (`id`),
  ADD UNIQUE KEY `name` (`name`,`email`,`code`),
  ADD UNIQUE KEY `name_2` (`name`,`email`,`code`);

--
-- Indexes for table `votescast`
--
ALTER TABLE `votescast`
  ADD PRIMARY KEY (`user_id`,`post_id`);

--
-- Indexes for table `votesresults`
--
ALTER TABLE `votesresults`
  ADD PRIMARY KEY (`id`);

--
-- AUTO_INCREMENT for dumped tables
--

--
-- AUTO_INCREMENT for table `categories`
--
ALTER TABLE `categories`
  MODIFY `id` int(10) UNSIGNED NOT NULL AUTO_INCREMENT, AUTO_INCREMENT=46;

--
-- AUTO_INCREMENT for table `posts`
--
ALTER TABLE `posts`
  MODIFY `id` int(10) UNSIGNED NOT NULL AUTO_INCREMENT, AUTO_INCREMENT=43;

--
-- AUTO_INCREMENT for table `textupdates`
--
ALTER TABLE `textupdates`
  MODIFY `id` int(10) UNSIGNED NOT NULL AUTO_INCREMENT, AUTO_INCREMENT=32;

--
-- AUTO_INCREMENT for table `users`
--
ALTER TABLE `users`
  MODIFY `id` int(10) UNSIGNED NOT NULL AUTO_INCREMENT, AUTO_INCREMENT=17;

--
-- AUTO_INCREMENT for table `votesresults`
--
ALTER TABLE `votesresults`
  MODIFY `id` int(10) UNSIGNED NOT NULL AUTO_INCREMENT, AUTO_INCREMENT=22;
COMMIT;

/*!40101 SET CHARACTER_SET_CLIENT=@OLD_CHARACTER_SET_CLIENT */;
/*!40101 SET CHARACTER_SET_RESULTS=@OLD_CHARACTER_SET_RESULTS */;
/*!40101 SET COLLATION_CONNECTION=@OLD_COLLATION_CONNECTION */;
